{"cameraMode":{"drawMode":0,"name":"Shaded","section":"Shading Mode"},"sceneLighting":true,"audioPlay":false,"sceneViewState":{"m_AlwaysRefresh":false,"showFog":true,"showSkybox":true,"showFlares":true,"showImageEffects":true,"showParticleSystems":true,"showVisualEffectGraphs":true,"m_FxEnabled":true},"in2DMode":false,"pivot":{"x":197.94772338867188,"y":0.10682056844234467,"z":138.58819580078126},"rotation":{"x":0.12189185619354248,"y":-0.8382748365402222,"z":0.20914317667484284,"w":0.48856720328330996},"size":0.6565461158752441,"orthographic":true}